moneyness,T,sigma,price,vega,delta,gamma,recovered_iv,price_finite,price_nonneg,iv_ill_posed,iv_roundtrip_ok,all_pass
0.3,0.0027397260273972603,0.01,540.7440500982989,0.0,0.9999643841959016,0.0,0.2,True,True,True,True,True
0.3,0.0027397260273972603,0.05,540.7440500982989,0.0,0.9999643841959016,0.0,0.2,True,True,True,True,True
0.3,0.0027397260273972603,0.2,540.7440500982989,0.0,0.9999643841959016,0.0,0.2,True,True,True,True,True
0.3,0.0027397260273972603,1.0,540.7440500982989,1.0958462171752442e-114,0.9999643841959016,6.702807639680881e-118,0.2,True,True,True,True,True
0.3,0.0027397260273972603,3.0,540.744050098299,1.5048011622737205e-12,0.9999643841958968,3.0680681798244133e-16,0.2,True,True,True,True,True
0.3,0.019178082191780823,0.01,540.7503383316395,0.0,0.9997507160079259,0.0,0.2,True,True,True,True,True
0.3,0.019178082191780823,0.05,540.7503383316395,0.0,0.9997507160079259,0.0,0.2,True,True,True,True,True
0.3,0.019178082191780823,0.2,540.7503383316395,0.0,0.9997507160079259,0.0,0.2,True,True,True,True,True
0.3,0.019178082191780823,1.0,540.7503383316395,8.668701002769888e-16,0.9997507160079259,7.574659707434818e-20,0.2,True,True,True,True,True
0.3,0.019178082191780823,3.0,540.8439342946577,0.34170495522523325,0.9988065050336911,9.952659017571222e-06,2.999999998632819,True,True,False,True,True
0.3,0.0821917808219178,0.01,540.7735969569585,0.0,0.9989320774848635,0.0,0.2,True,True,True,True,True
0.3,0.0821917808219178,0.05,540.7735969569585,0.0,0.9989320774848635,0.0,0.2,True,True,True,True,True
0.3,0.0821917808219178,0.2,540.7735969569585,3.338191551334663e-95,0.9989320774848635,3.4030407251059818e-99,0.2,True,True,True,True,True
0.3,0.0821917808219178,1.0,540.7739298297906,0.006805789895168889,0.9989253416844022,1.3876004311684637e-07,1.000000369787216,True,True,False,True,True
0.3,0.0821917808219178,3.0,553.1641600250942,16.451564410337532,0.9655622864490954,0.00011180773146006547,2.999999999796949,True,True,False,True,True
0.3,1.0,0.01,540.963068200727,0.0,0.9870841350202876,0.0,0.2,True,True,True,True,True
0.3,1.0,0.05,540.963068200727,3.361119796604979e-131,0.9870841350202876,1.1264924003931363e-135,0.2,True,True,True,True,True
0.3,1.0,0.2,540.9630682047757,8.309754815981692e-07,0.9870841348530413,6.962616788301428e-12,0.2,True,True,True,True,True
0.3,1.0,1.0,560.6331987231426,67.41582139558012,0.9463330360762972,0.00011297337652929154,0.9999999998849292,True,True,False,True,True
0.3,1.0,3.0,710.5697022417659,48.90236946023242,0.9595063088149415,2.7316366217102712e-05,2.999999999796949,True,True,False,True,True
0.3,5.0,0.01,538.8214998239346,0.0,0.9370674633774034,0.0,0.09961772451027014,True,True,True,True,True
0.3,5.0,0.05,538.8214998239346,1.5644446802208371e-30,0.9370674633774034,1.048659464553661e-35,0.09961772451027014,True,True,True,True,True
0.3,5.0,0.2,538.872753349899,3.0415235102211042,0.9365698414814756,5.096892296641644e-06,0.2,True,True,False,True,True
0.3,5.0,1.0,636.9052859978274,145.09241595582182,0.8977179255153217,4.862828873103755e-05,1.0000000000304454,True,True,False,True,True
0.3,5.0,3.0,723.5890203453663,1.15343185303167,0.9368919977810941,1.2885906041631194e-07,2.999999998632819,True,True,False,True,True
0.5,0.0027397260273972603,0.01,386.26509857568834,0.0,0.9999643841959016,0.0,0.2,True,True,True,True,True
0.5,0.0027397260273972603,0.05,386.26509857568834,0.0,0.9999643841959016,0.0,0.2,True,True,True,True,True
0.5,0.0027397260273972603,0.2,386.26509857568834,0.0,0.9999643841959016,0.0,0.2,True,True,True,True,True
0.5,0.0027397260273972603,1.0,386.26509857568834,9.273053434376252e-38,0.9999643841959016,5.671917503472703e-41,0.2,True,True,True,True,True
0.5,0.0027397260273972603,3.0,386.2651883857696,0.0006661554400986179,0.9999608772348455,1.3581929359327094e-07,2.99999422454834,True,True,False,True,True
0.5,0.019178082191780823,0.01,386.3856166555511,0.0,0.9997507160079259,0.0,0.2,True,True,True,True,True
0.5,0.019178082191780823,0.05,386.3856166555511,0.0,0.9997507160079259,0.0,0.2,True,True,True,True,True
0.5,0.019178082191780823,0.2,386.3856166555511,1.7302652897278708e-135,0.9997507160079259,7.559477924712682e-139,0.2,True,True,True,True,True
0.5,0.019178082191780823,1.0,386.3856204848621,0.00010684546042501568,0.9997505262325896,9.336093190261015e-09,0.9999884490966796,True,True,False,True,True
0.5,0.019178082191780823,3.0,390.7764107468826,7.320859297387526,0.9695409888172472,0.00021323078635042744,3.0000000009610788,True,True,False,True,True
0.5,0.0821917808219178,0.01,386.84597440754004,0.0,0.9989320774848635,0.0,0.2,True,True,True,True,True
0.5,0.0821917808219178,0.05,386.84597440754004,0.0,0.9989320774848635,0.0,0.2,True,True,True,True,True
0.5,0.0821917808219178,0.2,386.84597440754004,6.60372998023312e-31,0.9989320774848635,6.73201693634137e-35,0.2,True,True,True,True,True
0.5,0.0821917808219178,1.0,387.2344318358505,3.245017622268092,0.9938565242951988,6.616113516823058e-05,0.9999999972656368,True,True,False,True,True
0.5,0.0821917808219178,3.0,439.35780748022995,40.96376023561352,0.8913763687367033,0.0002783969347705345,2.999999999796949,True,True,False,True,True
0.5,1.0,0.01,393.26337111965927,0.0,0.9870841350202876,0.0,0.11805159449328853,True,True,True,True,True
0.5,1.0,0.05,393.26337111965927,4.4855083093567e-44,0.9870841350202876,1.5033355929456733e-48,0.11805159449328853,True,True,True,True,True
0.5,1.0,0.2,393.2670913254326,0.2943830434251289,0.9869880195668681,2.466590610352355e-06,0.2,True,True,False,True,True
0.5,1.0,1.0,460.92529097859926,143.62241113559307,0.8782483511315361,0.00024067805442966594,1.0000000000304454,True,True,False,True,True
0.5,1.0,3.0,692.9627643815261,66.7459540041886,0.9468317327629123,3.728361106451064e-05,3.0000000000879816,True,True,False,True,True
0.5,5.0,0.01,415.45234261765034,3.3047832673e-314,0.9370674633774034,1.10761e-318,0.06288264149801141,True,True,True,True,True
0.5,5.0,0.05,415.45234261765046,9.547648929907967e-11,0.9370674633773963,6.399863505029974e-16,0.06288265733365511,True,True,True,True,True
0.5,5.0,0.2,417.69797331324503,66.6313777878554,0.9215757330657305,0.00011165882986610585,0.2,True,True,False,True,True
0.5,5.0,1.0,604.3173968406628,209.7759114468911,0.874412769392032,7.030721436027385e-05,1.0000000000304454,True,True,False,True,True
0.5,5.0,3.0,723.5016574347334,1.5079310552653369,0.9368336554495896,1.6846299020037018e-07,2.999999998632819,True,True,False,True,True
0.8,0.0027397260273972603,0.01,154.54667129177244,0.0,0.9999643841959016,0.0,0.2,True,True,True,True,True
0.8,0.0027397260273972603,0.05,154.54667129177244,0.0,0.9999643841959016,0.0,0.2,True,True,True,True,True
0.8,0.0027397260273972603,0.2,154.54667129177244,2.619780717732982e-98,0.9999643841959016,8.012021182302975e-101,0.2,True,True,True,True,True
0.8,0.0027397260273972603,1.0,154.54674862110585,0.0016195054262709593,0.999955490905374,9.905799895623213e-07,0.9999979856491088,True,True,False,True,True
0.8,0.0027397260273972603,3.0,158.33082719080915,5.2357629573111515,0.9331754168636379,0.0010674950371621099,2.999999998632819,True,True,False,True,True
0.8,0.019178082191780823,0.01,154.83853414141845,0.0,0.9997507160079259,0.0,0.2,True,True,True,True,True
0.8,0.019178082191780823,0.05,154.83853414141845,6.654529352720254e-226,0.9997507160079259,1.1629376845247373e-228,0.2,True,True,True,True,True
0.8,0.019178082191780823,0.2,154.83853414141845,2.564885663908566e-13,0.9997507160079255,1.120590967803457e-16,0.2,True,True,True,True,True
0.8,0.019178082191780823,1.0,156.9761540628856,10.317438270155364,0.9537673006870673,0.0009015316588254735,0.9999999995938967,True,True,False,True,True
0.8,0.019178082191780823,3.0,207.64799462444472,32.296129292481275,0.7720677682718473,0.0009406722305902446,2.999999999796949,True,True,False,True,True
0.8,0.0821917808219178,0.01,155.95454058341238,0.0,0.9989320774848635,0.0,0.13421980607740247,True,True,True,True,True
0.8,0.0821917808219178,0.05,155.95454058341238,1.0678305624592977e-52,0.9989320774848635,4.354298829986477e-56,0.13421980607740247,True,True,True,True,True
0.8,0.0821917808219178,0.2,155.9549121961087,0.03386765521605247,0.9988956098424456,3.452558314635797e-06,0.2,True,True,False,True,True
0.8,0.0821917808219178,1.0,180.09035605379557,57.226144110199826,0.8231572787152791,0.001166756885894894,0.9999999998849292,True,True,False,True,True
0.8,0.0821917808219178,3.0,316.2526789547072,69.43943656777033,0.7548944013640357,0.0004719226502027369,3.0000000000879816,True,True,False,True,True
0.8,1.0,0.01,171.71382549805764,1.171476925511994e-139,0.9870841350202876,1.9631252881229461e-143,0.04248669231092617,True,True,True,True,True
0.8,1.0,0.05,171.71382652612294,0.0005932764295225165,0.9870839903941645,1.9883890775465703e-08,0.050002612495064706,True,True,False,True,True
0.8,1.0,0.2,178.12569524402466,118.08218262662851,0.9037204219747837,0.000989392593839498,0.2,True,True,False,True,True
0.8,1.0,1.0,352.6256107859002,228.73397025497636,0.7649098292303794,0.0003833054083110137,1.0,True,True,False,True,True
0.8,1.0,3.0,673.0455481409065,86.61665982242222,0.9313358623557877,4.838318523881699e-05,2.9999999999998073,True,True,False,True,True
0.8,5.0,0.01,230.39860680822392,9.393895377531816e-62,0.9370674633774034,3.1484006501543585e-66,0.02831460616106089,True,True,True,True,True
0.8,5.0,0.05,230.40381281269742,1.499761299639249,0.9368350137468554,1.0053016903199093e-05,0.050000002769679766,True,True,False,True,True
0.8,5.0,0.2,259.00440720417686,360.2615322388424,0.8058827076745491,0.0006037152835655664,0.2,True,True,False,True,True
0.8,5.0,1.0,567.6491562452672,281.22295821479764,0.8446418449356465,9.425297056208378e-05,0.9999999999956448,True,True,False,True,True
0.8,5.0,3.0,723.4000250130964,1.919753128045834,0.9367644464581819,2.1447091448103924e-07,2.999999999999985,True,True,False,True,True
1.0,0.0027397260273972603,0.01,0.19741256519370154,15.904863731376896,0.5665927380539134,0.9728303155670619,0.010000000000003034,True,True,False,True,True
1.0,0.0027397260273972603,0.05,0.8407891359918267,16.120478769151973,0.5138651536595131,0.19720370715466154,0.05000000000239317,True,True,False,True,True
1.0,0.0027397260273972603,0.2,3.2598663333189393,16.128753679042905,0.505411045421703,0.04932623377442913,0.2,True,True,False,True,True
1.0,0.0027397260273972603,1.0,16.161581686450063,16.123994763953753,0.5110893686417831,0.009862335936568784,0.999999999997829,True,True,False,True,True
1.0,0.0027397260273972603,3.0,48.37281980171821,16.07989994444444,0.5314933556091936,0.0032784550272254858,2.9999999999999987,True,True,False,True,True
1.0,0.019178082191780823,0.01,0.7046612711213811,38.66515205434673,0.6712550371049579,0.33785381368479417,0.010000000000003626,True,True,False,True,True
1.0,0.019178082191780823,0.05,2.377993845618903,42.48695496555769,0.536553936210087,0.0742497003337353,0.04999999999999981,True,True,False,True,True
1.0,0.019178082191780823,0.2,8.769610542269902,42.639855087784916,0.5142330255905246,0.01862922669504359,0.2,True,True,False,True,True
1.0,0.019178082191780823,1.0,42.85767952282583,42.55186444310314,0.5292331419781006,0.0037181567684756098,1.000000000000001,True,True,False,True,True
1.0,0.019178082191780823,3.0,127.28593202568766,41.743941113066825,0.5827104434720003,0.0012158536351165173,2.999999999999935,True,True,False,True,True
1.0,0.0821917808219178,0.01,2.241817282633747,57.86565467375158,0.8200349891588522,0.1179795565422029,0.01000000000000013,True,True,False,True,True
1.0,0.0821917808219178,0.05,5.49449018503384,86.66831909184606,0.5749852300763523,0.035340790354359664,0.05000000000000157,True,True,False,True,True
1.0,0.0821917808219178,0.2,18.657956415656543,88.01294945546036,0.5291438281382671,0.00897227276289392,0.2,True,True,False,True,True
1.0,0.0821917808219178,1.0,88.85808667824591,87.23720610748393,0.5600127675604233,0.0017786382870062566,0.9999999999999993,True,True,False,True,True
1.0,0.0821917808219178,3.0,257.51132519758096,80.35678575134496,0.6668141364320985,0.0005461188795294672,2.9999999999999996,True,True,False,True,True
1.0,1.0,0.01,24.0155185113357,1.7890200607621518,0.9864175448611678,0.0002997985231938289,0.010000001377576367,True,True,False,True,True
1.0,1.0,0.05,29.940108987753433,243.8535933273617,0.737326928403487,0.008172848226632721,0.05000000000000366,True,True,False,True,True
1.0,1.0,0.2,72.55004864314611,294.08843395025383,0.5947854248105665,0.0024641221225074274,0.2,True,True,False,True,True
1.0,1.0,1.0,299.52960191029024,264.05793183916734,0.6935618375971743,0.0004425002253427717,1.0,True,True,False,True,True
1.0,1.0,3.0,662.2508507098934,97.18570463257674,0.9224926070052945,5.428694617690257e-05,3.0000000000000004,True,True,False,True,True
1.0,5.0,0.01,107.02944960194054,4.543069164267293e-09,0.9370674633770432,1.5226273378226073e-13,0.012039802442763703,True,True,True,True,True
1.0,5.0,0.05,109.583848602623,213.7563840079917,0.8728695718680887,0.0014328257050745007,0.05000000004543266,True,True,False,True,True
1.0,5.0,0.2,179.4933250178019,545.3345579245205,0.6742266270225828,0.0009138550131331742,0.2,True,True,False,True,True
1.0,5.0,1.0,548.0169598362477,318.2507118106507,0.8273329745234629,0.00010666296650197569,1.0,True,True,False,True,True
1.0,5.0,3.0,723.3433098110628,2.1492415869021326,0.9367253050655872,2.4010889830026897e-07,2.999999999972404,True,True,False,True,True
1.25,0.0027397260273972603,0.01,0.0,0.0,0.0,0.0,,True,True,True,True,True
1.25,0.0027397260273972603,0.05,0.0,0.0,0.0,0.0,,True,True,True,True,True
1.25,0.0027397260273972603,0.2,2.0481078487616018e-101,4.679839676411225e-98,5.4213730545518917e-101,1.4312256886001816e-100,0.2,True,True,True,True,True
1.25,0.0027397260273972603,1.0,9.818730310519677e-05,0.002053499783133137,1.1411657590798888e-05,1.2560351825594422e-06,0.9999979856491088,True,True,False,True,True
1.25,0.0027397260273972603,3.0,4.7419300732208,6.5550970671299,0.08979826671510295,0.0013364878517859186,2.999999998632819,True,True,False,True,True
1.25,0.019178082191780823,0.01,0.0,0.0,0.0,0.0,,True,True,True,True,True
1.25,0.019178082191780823,0.05,1.2150806635489457e-227,2.517234591092744e-223,7.315428632491987e-227,4.399089419560987e-226,0.2,True,True,True,True,True
1.25,0.019178082191780823,0.2,1.3582097302185197e-15,4.581778014536623e-13,5.260478690902223e-16,2.0017652762525735e-16,0.2,True,True,True,True,True
1.25,0.019178082191780823,1.0,2.7286732833236442,13.082300871963055,0.06205214411769042,0.0011431237190408883,0.9999999995938967,True,True,False,True,True
1.25,0.019178082191780823,3.0,66.32272581751488,40.43427178252424,0.3714002701483807,0.0011777075910708013,2.999999999796949,True,True,False,True,True
1.25,0.0821917808219178,0.01,0.0,0.0,0.0,0.0,,True,True,True,True,True
1.25,0.0821917808219178,0.05,8.428510243340769e-54,4.039324025445403e-50,1.1812323559233166e-53,1.647117482517607e-53,0.1289061696878837,True,True,True,True,True
1.25,0.0821917808219178,0.2,0.0006912798420778549,0.060499413387631776,6.742419881481469e-05,6.167470153736924e-06,0.2,True,True,False,True,True
1.25,0.0821917808219178,1.0,31.154152410088273,72.56158121706666,0.26543216281286075,0.0014794238866312902,0.9999999998849292,True,True,False,True,True
1.25,0.0821917808219178,3.0,202.1448101118468,86.9371380445964,0.5683211905215073,0.0005908401135571671,3.0000000000879816,True,True,False,True,True
1.25,1.0,0.01,4.186010624084795e-82,1.5418853317001254e-77,1.0416742216224388e-81,2.5838443934552443e-81,0.032325843733787635,True,True,True,True,True
1.25,1.0,0.05,0.0006476746567271319,0.22442097274135436,7.202961382509431e-05,7.521556373483898e-06,0.050000000002513874,True,True,False,True,True
1.25,1.0,0.2,15.151886153070848,210.93585413188438,0.19354445451443023,0.0017673993418057966,0.2,True,True,False,True,True
1.25,1.0,1.0,247.81437674430467,290.0299997112739,0.6132602080111785,0.00048602342423317596,1.0,True,True,False,True,True
1.25,1.0,3.0,650.5619722192673,108.44276515110496,0.9125982118490202,6.0575025692196135e-05,3.0000000000000004,True,True,False,True,True
1.25,5.0,0.01,0.01173186439810725,12.364144077195204,0.0023018937901028162,0.0004143891078918044,0.010000000016864985,True,True,False,True,True
1.25,5.0,0.05,14.900879001365126,567.3205153553172,0.28620025651501646,0.0038027936390747545,0.049999999999999906,True,True,False,True,True
1.25,5.0,0.2,109.95699779533328,643.552416827742,0.4993080197729202,0.0010784455042979369,0.2,True,True,False,True,True
1.25,5.0,1.0,527.0208912947184,356.58496374159307,0.8078443094489862,0.00011951084045118192,1.0,True,True,False,True,True
1.25,5.0,3.0,723.280399948438,2.4035022597221114,0.9366815093779148,2.685143834741748e-07,2.99999999990697,True,True,False,True,True
2.0,0.0027397260273972603,0.01,0.0,0.0,0.0,0.0,,True,True,True,True,True
2.0,0.0027397260273972603,0.05,0.0,0.0,0.0,0.0,,True,True,True,True,True
2.0,0.0027397260273972603,0.2,0.0,0.0,0.0,0.0,,True,True,True,True,True
2.0,0.0027397260273972603,1.0,1.0874218205044026e-39,1.938736013473466e-37,3.6079641911046334e-40,1.1858392499571212e-40,0.2,True,True,True,True,True
2.0,0.0027397260273972603,3.0,0.0001805884446286236,0.0013388941138386637,7.283964442478638e-06,2.7298081167187493e-07,2.99999422454834,True,True,False,True,True
2.0,0.019178082191780823,0.01,0.0,0.0,0.0,0.0,,True,True,True,True,True
2.0,0.019178082191780823,0.05,0.0,0.0,0.0,0.0,,True,True,True,True,True
2.0,0.019178082191780823,0.2,3.339888859082006e-138,1.0490367056393958e-134,3.9177343569476996e-138,4.5832103698627367e-138,0.2,True,True,True,True,True
2.0,0.019178082191780823,1.0,8.031714146394722e-06,0.00022338396243272226,4.078122289038233e-07,1.9519158625791976e-08,0.9999884490966796,True,True,False,True,True
2.0,0.019178082191780823,3.0,8.8444579296754,14.71406646482112,0.07223689590099541,0.0004285688107441002,2.999999999796949,True,True,False,True,True
2.0,0.0821917808219178,0.01,0.0,0.0,0.0,0.0,,True,True,True,True,True
2.0,0.0821917808219178,0.05,0.0,0.0,0.0,0.0,,True,True,True,True,True
2.0,0.0821917808219178,0.2,5.4108223623742784e-33,4.00375317272041e-30,1.4945372565804541e-33,4.081531838576601e-34,0.2,True,True,True,True,True
2.0,0.0821917808219178,1.0,0.8213189248428883,6.784423893563394,0.011736748281897672,0.00013832442177829791,0.9999999995938967,True,True,False,True,True
2.0,0.0821917808219178,3.0,106.17896903498487,82.33234191113395,0.3542618245406023,0.0005595451073998802,3.0000000000879816,True,True,False,True,True
2.0,1.0,0.01,0.0,0.0,0.0,0.0,,True,True,True,True,True
2.0,1.0,0.05,1.2829714539718878e-39,4.5625701012610184e-36,4.449917381768389e-40,1.5291631528644175e-40,0.10825758188295785,True,True,True,True,True
2.0,1.0,0.2,0.02631378713720245,1.7848050232768728,0.0006648878802438799,1.495460900364025e-05,0.2,True,True,False,True,True
2.0,1.0,1.0,151.08494176988555,300.27427619282196,0.43035756883919496,0.0005031904701915594,1.0000000000304454,True,True,False,True,True
2.0,1.0,3.0,622.9618166495094,134.1515201399912,0.888040283352344,7.493567475713092e-05,2.9999999999424656,True,True,False,True,True
2.0,5.0,0.01,5.276770309881972e-126,3.0155754599315394e-121,7.312613095689153e-126,1.0106818691366495e-125,0.03881989849847118,True,True,True,True,True
2.0,5.0,0.05,1.9019439115329495e-05,0.009711679154414975,1.1452931104461128e-06,6.509814243190847e-08,0.0500000629797226,True,True,False,True,True
2.0,5.0,0.2,23.69288270547544,403.9771326498614,0.15591466691850234,0.0006769725529008904,0.2,True,True,False,True,True
2.0,5.0,1.0,478.7559911124573,438.5827356215036,0.7594583955686474,0.00014699271329760377,0.9999999999999999,True,True,False,True,True
2.0,5.0,3.0,723.1248614873373,3.030764131672325,0.936571743959128,3.385908038903727e-07,3.0000000000000075,True,True,False,True,True
4.0,0.0027397260273972603,0.01,0.0,0.0,0.0,0.0,,True,True,True,True,True
4.0,0.0027397260273972603,0.05,0.0,0.0,0.0,0.0,,True,True,True,True,True
4.0,0.0027397260273972603,0.2,0.0,0.0,0.0,0.0,,True,True,True,True,True
4.0,0.0027397260273972603,1.0,2.288568888127373e-154,1.611984457757476e-151,1.5047042709675117e-154,9.859797450736446e-155,0.2,True,True,True,True,True
4.0,0.0027397260273972603,3.0,1.4268760810399135e-17,3.845601243159472e-16,1.073360261359152e-18,7.840615160479685e-20,0.2,True,True,True,True,True
4.0,0.019178082191780823,0.01,0.0,0.0,0.0,0.0,,True,True,True,True,True
4.0,0.019178082191780823,0.05,0.0,0.0,0.0,0.0,,True,True,True,True,True
4.0,0.019178082191780823,0.2,0.0,0.0,0.0,0.0,,True,True,True,True,True
4.0,0.019178082191780823,1.0,1.4999227875803555e-22,1.545810540661973e-20,1.4398717856543815e-23,1.3507201152674358e-24,0.2,True,True,True,True,True
4.0,0.019178082191780823,3.0,0.07000393670808369,0.32061205892602496,0.0008809602992295682,9.33829741306761e-06,2.999999998632819,True,True,False,True,True
4.0,0.0821917808219178,0.01,0.0,0.0,0.0,0.0,,True,True,True,True,True
4.0,0.0821917808219178,0.05,0.0,0.0,0.0,0.0,,True,True,True,True,True
4.0,0.0821917808219178,0.2,2.1241490274203887e-128,6.216579173537858e-125,1.1625985793254373e-128,6.33734516820546e-129,0.2,True,True,True,True,True
4.0,0.0821917808219178,1.0,5.854035468501502e-05,0.0015263380815716827,1.4121681824543785e-06,3.1119787897083686e-08,0.9999979856491088,True,True,False,True,True
4.0,0.0821917808219178,3.0,28.189985482339658,44.059904550587554,0.11912387011551952,0.00029943887725672767,2.999999999796949,True,True,False,True,True
4.0,1.0,0.01,0.0,0.0,0.0,0.0,,True,True,True,True,True
4.0,1.0,0.05,1.9942039406137666e-161,2.938007076195764e-157,1.4035467873141616e-161,9.846845229910614e-162,0.2,True,True,True,True,True
4.0,1.0,0.2,2.70079445933254e-10,6.580384875579304e-08,1.2498983205896961e-11,5.513604098171047e-13,0.2,True,True,True,True,True
4.0,1.0,1.0,55.73121940073277,211.1927218154567,0.19393336306320683,0.0003539103193878426,1.0000000000304454,True,True,False,True,True
4.0,1.0,3.0,574.9442978826316,175.55151273939452,0.8417968307982198,9.806128956297982e-05,3.0000000000152234,True,True,False,True,True
4.0,5.0,0.01,0.0,0.0,0.0,0.0,,True,True,True,True,True
4.0,5.0,0.05,3.632390138167622e-27,8.954104064848471e-24,4.711402084418981e-28,6.002005755087671e-29,0.08738072224589537,True,True,True,True,True
4.0,5.0,0.2,0.5401266327981911,27.086948436025505,0.005522404287598922,4.539148172261591e-05,0.2,True,True,False,True,True
4.0,5.0,1.0,399.985294078329,549.0375677708399,0.6705015253376696,0.0001840120808097669,0.9999999999940663,True,True,False,True,True
4.0,5.0,3.0,722.8265089503739,4.228459699552447,0.9363564165752933,4.7239491649239915e-07,2.999999998632819,True,True,False,True,True
